{"cameraMode":{"drawMode":0,"name":"Shaded","section":"Shading Mode"},"sceneLighting":true,"audioPlay":false,"sceneViewState":{"m_AlwaysRefresh":false,"showFog":true,"showSkybox":true,"showFlares":true,"showImageEffects":true,"showParticleSystems":true,"showVisualEffectGraphs":true,"m_FxEnabled":true},"in2DMode":false,"pivot":{"x":-3.6938817501068117,"y":1.8761824369430543,"z":0.8547403216362},"rotation":{"x":-0.0019761337898671629,"y":-0.7523958683013916,"z":0.0022571608424186708,"w":-0.658707320690155},"size":0.9532853960990906,"orthographic":false}