{"cameraMode":{"drawMode":0,"name":"Shaded","section":"Shading Mode"},"sceneLighting":true,"audioPlay":false,"sceneViewState":{"m_AlwaysRefresh":false,"showFog":true,"showSkybox":true,"showFlares":true,"showImageEffects":true,"showParticleSystems":true,"showVisualEffectGraphs":true,"m_FxEnabled":true},"in2DMode":false,"pivot":{"x":-0.03721809387207031,"y":0.6776595115661621,"z":-0.3254528045654297},"rotation":{"x":-0.04784264788031578,"y":0.9369001388549805,"z":-0.1418953537940979,"w":-0.31589415669441225},"size":3.3073947429656984,"orthographic":false}