{"cameraMode":{"drawMode":0,"name":"Shaded","section":"Shading Mode"},"sceneLighting":true,"audioPlay":false,"sceneViewState":{"m_AlwaysRefresh":false,"showFog":true,"showSkybox":true,"showFlares":true,"showImageEffects":true,"showParticleSystems":true,"showVisualEffectGraphs":true,"m_FxEnabled":true},"in2DMode":false,"pivot":{"x":1.8598604202270508,"y":2.869086503982544,"z":1.6530791521072388},"rotation":{"x":0.08904427289962769,"y":0.7000338435173035,"z":-0.08867698907852173,"w":0.7029823660850525},"size":6.804911136627197,"orthographic":false}