{"cameraMode":{"drawMode":0,"name":"Shaded","section":"Shading Mode"},"sceneLighting":true,"audioPlay":false,"sceneViewState":{"m_AlwaysRefresh":false,"showFog":true,"showSkybox":true,"showFlares":true,"showImageEffects":true,"showParticleSystems":true,"showVisualEffectGraphs":true,"m_FxEnabled":true},"in2DMode":false,"pivot":{"x":0.9405838251113892,"y":4.661744594573975,"z":6.734859466552734},"rotation":{"x":-0.008315364830195904,"y":-0.9889601469039917,"z":-0.06089676544070244,"w":0.13492543995380402},"size":3.7637617588043215,"orthographic":false}